smiles,logCMC
CC(C)(C)CC(C)(C)c1ccc(OCCOCCO)cc1,-0.886056648
CC(C)(C)CC(C)(C)c1ccc(OCCOCCOCCO)cc1,-1.013228266
CC(C)(C)CC(C)(C)c1ccc(OCCOCCOCCOCCO)cc1,-0.886056648
CC(C)(C)CC(C)(C)c1ccc(OCCOCCOCCOCCOCCO)cc1,-0.823908741
CC(C)(C)CC(C)(C)c1ccc(OCCOCCOCCOCCOCCOCCO)cc1,-0.677780705
CC(C)(C)CC(C)(C)c1ccc(OCCOCCOCCOCCOCCOCCOCCO)cc1,-0.602059991
CC(C)(C)CC(C)(C)c1ccc(OCCOCCOCCOCCOCCOCCOCCOCCO)cc1,-0.552841969
CC(C)(C)CC(C)(C)c1ccc(OCCOCCOCCOCCOCCOCCOCCOCCOCCO)cc1,-0.522878745
CC(C)(C)CC(C)(C)c1ccc(OCCOCCOCCOCCOCCOCCOCCOCCOCCOCCO)cc1,-0.48148606
CC(C)CCCC(C)CCCC(C)CCOC1OC(CO)C(O)C(O)C1O,-1.669586227
CC(C)CCCC(C)CCCC(C)CCOC1OCC(O)C(O)C1O,-2.314258261
CC(C)CCCC(C)CCCC(C)CCOC1OC[C@@H](O)[C@@H](O)[C@@H]1O,-2.431798276
CC(C)CCCC(C)CCCC(C)CCOC1OC[C@@H](O)[C@H](O)[C@@H]1O,-1.517126416
CC(C)CCCC(C)CCCC(C)CCOC1OC[C@@H](O)[C@H](O)[C@H]1O,-1.995678626
CC(C)CCCC(C)CCCC(C)CCOC1OC[C@H](O)[C@H](O)[C@H]1O,-2.22184875
CC(C)CCCC(C)CCCC(C)CCOC1O[C@@H](CO)[C@@H](O)[C@H](O)[C@H]1O,-1.473660723
CC(C)CCCC(C)CCCC(C)CCOC1O[C@@H](CO)[C@@H](O[C@H]2O[C@H](CO)[C@H](O)[C@H](O)[C@H]2O)[C@H](O)[C@H]1O,-1.707743929
CC(C)CCCC(C)CCCC(C)CCOC1O[C@H](CO)[C@@H](O)[C@H](O)[C@@H]1O,-2.387216143
CC(C)CCCC(C)CCCC(C)CCOC1O[C@H](CO)[C@@H](O)[C@H](O)[C@H]1O,-2.036212173
CC(C)CCCC(C)CCCC(C)CCOC1O[C@H](CO)[C@@H](O[C@H]2O[C@H](CO)[C@@H](O)[C@H](O)[C@H]2O)[C@H](O)[C@H]1O,-1.525783736
CC(C)CCCC(C)CCOC1OC(CO)C(O)C(O)C1O,0.602059991
CC(C)CCCC(C)CCOC1OC(CO)C(OC2OC(CO)C(O)C(O)C2O)C(O)C1O,0.72427587
CC(C)CCCC(C)CCOC1OC(CO)C(OC2OC(CO)C(OC3OC(CO)C(O)C(O)C3O)C(O)C2O)C(O)C1O,0.699404082
CC(C)CCCC(C)CCOC1O[C@H](CO)[C@@H](O)[C@H](O)[C@@H]1O,0.602059991
CC(C)CCCC(C)CCOC1O[C@H](CO)[C@@H](O[C@H]2O[C@H](CO)[C@@H](O)[C@H](O)[C@H]2O)[C@H](O)[C@H]1O,0.72427587
CC(C)CCCC(C)CCOC1O[C@H](CO)[C@@H](O[C@H]2O[C@H](CO)[C@@H](OC3O[C@H](CO)[C@@H](O)[C@H](O)[C@H]3O)[C@H](O)[C@H]2O)[C@H](O)[C@H]1O,0.698970004
CC(C)COCCOCCOCCOCCOCCOCCO,2.949877704
CC(CCC(=O)N(CCCNC(=O)C(O)C(O)C(O)C(O)CO)CCCNC(=O)C(O)C(O)C(O)C(O)CO)C1CCC2C3C(O)CC4CC(O)CCC4(C)C3CC(O)C12C,0.462397998
CC(CCC(=O)N(CCCNC(=O)C(O)C(O)C(O)C(O)CO)CCCNC(=O)C(O)C(O)C(O)C(O)CO)C1CCC2C3CCC4CC(O)CCC4(C)C3CC(O)C12C,0.146128036
CCC(CC)COCCOCCOCCOCCOCCOCCO,1.980003372
CCCC(=O)OC[C@H](O)[C@@H](O)[C@H](O)CO,2.079181246
CCCC(CCC)CCOCCOCCOCCOCCOCCOCCO,1.330413773
CCCC(CCC)COCCOCCOCCOCCOCCOCCO,1.330413773
CCCCC(=O)OCC(O)C(O)C(O)CO,2.089905111
CCCCC(=O)OC[C@H](O)[C@@H](O)[C@H](O)CO,1.762678564
CCCCC(CCCC)CCOCCOCCOCCOCCOCCOCCO,0.450249108
CCCCC(CCCC)CCOCCOCCOCCOCCOCCOCCOCCOCCOCCO,0.469822016
CCCCCC(=O)CC(=O)NC1CCOC1=O,0.336459734
CCCCCC(=O)OCC(O)C(O)C(O)CO,1.782114148
CCCCCC(=O)OC[C@H](O)[C@@H](O)[C@H](O)CO,1.0
CCCCCC(CCCC)OC1OC(CO)C(O)C(O)C1O,1.176091259
CCCCCC(CCCC)O[C@@H]1O[C@H](CO)[C@@H](O)[C@H](O)[C@H]1O,1.198657087
CCCCCCC(=O)OCC(O)C(O)C(O)CO,1.0
CCCCCCC(=O)OC[C@H](O)[C@@H](O)[C@H](O)CO,1.255272505
CCCCCCC(CCC)OC1OC(CO)C(O)C(O)C1O,1.079181246
CCCCCCC(CCC)O[C@@H]1O[C@H](CO)[C@@H](O)[C@H](O)[C@H]1O,1.100370545
CCCCCCCC(=O)N(C)CC(O)C(O)C(O)C(O)CO,1.819858798
CCCCCCCC(=O)NC1C(O)OC(CO)C(O)C1O,1.653212514
CCCCCCCC(=O)NC1OC(CO)C(O)C(O)C1O,1.84509804
CCCCCCCC(=O)OCC(O)C(O)C(O)CO,1.278753601
CCCCCCCC(=O)OCC(O)C(O)C(OC1OC(CO)C(O)C(O)C1O)C(O)CO,0.439332694
CCCCCCCC(=O)OCC(OCCOCCO)C1OCC(OCCOCCO)C1OCCOCCOCCO,-0.349692477
CCCCCCCC(=O)OCC(OCCOCCO)C1OCC(OCCOCCOCCO)C1OCCOCCO,-0.349692477
CCCCCCCC(=O)OCC(OCCOCCOCCO)C1OCC(OCCOCCO)C1OCCOCCO,-0.349692477
CCCCCCCC(=O)OCC(OCCOCCOCCOCCO)C1OCC(OCCOCCOCCOCCOCCO)C1OCCOCCOCCOCCOCCOCCO,-0.286509457
CCCCCCCC(=O)OCC(OCCOCCOCCOCCO)C1OCC(OCCOCCOCCOCCOCCOCCOCCO)C1OCCOCCOCCOCCO,-0.286509457
CCCCCCCC(=O)OCC(OCCOCCOCCOCCOCCOCCO)C1OCC(OCCOCCOCCOCCOCCO)C1OCCOCCOCCOCCO,-0.286509457
CCCCCCCC(=O)OCC(OCCOCCOCCOCCOCCOCCOCCOCCOCCOCCO)C1OCC(OCCOCCOCCOCCOCCOCCOCCOCCOCCOCCOCCOCCOCCOCCOCCOCCO)C1OCCOCCOCCOCCOCCOCCOCCOCCOCCOCCOCCOCCOCCOCCO,0.667452953
CCCCCCCC(=O)OCC(OCCOCCOCCOCCOCCOCCOCCOCCOCCOCCOCCOCCOCCO)C1OCC(OCCOCCOCCOCCOCCOCCOCCOCCOCCOCCOCCOCCOCCO)C1OCCOCCOCCOCCOCCOCCOCCOCCOCCOCCOCCOCCOCCOCCO,0.667452953
CCCCCCCC(=O)OCC(OCCOCCOCCOCCOCCOCCOCCOCCOCCOCCOCCOCCOCCO)C1OCC(OCCOCCOCCOCCOCCOCCOCCOCCOCCOCCOCCOCCOCCOCCOCCOCCO)C1OCCOCCOCCOCCOCCOCCOCCOCCOCCOCCOCCO,0.667452953
CCCCCCCC(=O)OCC1OC(O)C(O)C(O)C1OC1OC(CO)C(O)C(O)C1O,0.419955748
CCCCCCCC(=O)OC[C@H](O)[C@@H](O)[C@H](O)CO,0.643452676
CCCCCCCC(=O)O[C@H]1[C@H](O)[C@@H](CO)OC(O)[C@@H]1O,0.204119983
CCCCCCCC(CC)OC1OC(CO)C(O)C(O)C1O,0.929418926
CCCCCCCC(CC)O[C@@H]1O[C@H](CO)[C@@H](O)[C@H](O)[C@H]1O,0.899820502
CCCCCCCC(CCCCCC)SCCC(=O)OCC1(O)C(O)C(O)C(O)C1O,-2.200659451
CCCCCCCC/C=C/CCCCCCCC(=O)OCC(OC(=O)CCCCCCC/C=C/CCCCCCCC)C1OCC(O)C1OC(=O)CCCCCCC/C=C/CCCCCCCC,-1.943095149
CCCCCCCC/C=C\CCCCCCCC(=O)OCC(O)COCC(O)COCC(O)COCC(O)CO,-1.484126156
CCCCCCCC/C=C\CCCCCCCC(=O)OCC(O)COCC(O)COCC(O)COCC(O)COCC(O)COCC(O)CO,-1.562249437
CCCCCCCC/C=C\CCCCCCCC(=O)OCC(O)COCC(O)COCC(O)COCC(O)COCC(O)COCC(O)COCC(O)COCC(O)COCC(O)COCC(O)CO,-1.675717545
CCCCCCCC/C=C\CCCCCCCC(=O)OC[C@@H](O)[C@H]1OC[C@H](O)[C@H]1O,-1.578396073
CCCCCCCC/C=C\CCCCCCCCN(C)C(=O)C(O)C(O)C(O)C(O)CO,-1.499999995
CCCCCCCC/C=C\CCCCCCCCN(C)C(=O)C(O)C(O)C(OC1OC(CO)C(O)C(O)C1O)C(O)CO,-1.300000003
CCCCCCCCC(=O)N(C)CC(O)C(O)C(O)C(O)CO,1.311251729
CCCCCCCCC(=O)OCC(O)C(O)C(O)CO,0.622214023
CCCCCCCCC(=O)OC[C@H](O)[C@@H](O)[C@H](O)CO,0.255272505
CCCCCCCCC(C)OC1OC(CO)C(O)C(O)C1O,0.653212514
CCCCCCCCC(C)O[C@@H]1O[C@H](CO)[C@@H](O)[C@H](O)[C@H]1O,0.699837726
CCCCCCCCC(O)CCO,0.36078269
CCCCCCCCC(O)CO,0.36078269
CCCCCCCCC=CCCCCCCCC(=O)NCCOC1OC(CO)C(OC2OC(CO)C(O)C(O)C2O)C(O)C1O,-1.045757491
CCCCCCCCC=CCCCCCCCC(=O)OC1(OC2(CO)OC(CO)C(O)C2O)OC(CO)C(O)C(O)C1O,-2.292429824
CCCCCCCCC=CCCCCCCCCN(C)C(=O)C(O)C(O)C(O)C(O)CO,-1.494850022
CCCCCCCCC=CCCCCCCCCN(C)C(=O)C(O)C(O)C(OC1OC(CO)C(O)C(O)C1O)C(O)CO,-1.26760624
CCCCCCCCC=CCCCCCCCCOC1OC(CO)C(OC2OC(CO)C(O)C(O)C2O)C(O)C1O,-1.698970004
CCCCCCCCC=CCCCCCCCCOC1OC(CO)C(OC2OC(CO)C(OC3OC(CO)C(O)C(O)C3O)C(O)C2O)C(O)C1O,-1.37675071
CCCCCCCCCC(=O)CC(=O)NC1CCOC1=O,-1.013228266
CCCCCCCCCC(=O)N(C)CC(O)C(O)C(O)C(O)CO,0.813233062
CCCCCCCCCC(=O)N(C)CC(O)C(O)C(OC1OC(CO)C(O)C(O)C1O)C(O)CO,0.51851394
CCCCCCCCCC(=O)OCC(O)C(O)C(O)CO,0.278753601
CCCCCCCCCCC(O)CO,-0.749579998
CCCCCCCCCCCC(=O)N(C)CC(O)C(O)C(O)CO,-0.443697499
CCCCCCCCCCCC(=O)N(C)CC(O)C(O)C(OC1OC(CO)C(O)C(O)C1O)C(O)CO,-0.346787486
CCCCCCCCCCCC(=O)N(C)CC(O)CO,-0.638272164
CCCCCCCCCCCC(=O)N(CCO)CCO,-0.578396073
CCCCCCCCCCCC(=O)NC1CCOC1=O,-2.397940009
CCCCCCCCCCCC(=O)OCC(O)C(O)C(OC1OC(CO)C(O)C(O)C1O)C(O)CO,-0.369572125
CCCCCCCCCCCC(=O)OCC(O)COCC(O)COCC(O)COCC(O)CO,-1.402304814
CCCCCCCCCCCC(=O)OCC(O)COCC(O)COCC(O)COCC(O)COCC(O)COCC(O)CO,-1.446116973
CCCCCCCCCCCC(=O)OCC(O)COCC(O)COCC(O)COCC(O)COCC(O)COCC(O)COCC(O)COCC(O)COCC(O)COCC(O)CO,-1.549750892
CCCCCCCCCCCC(=O)OCC1(OC2OC(CO)C(O)C(O)C2O)OC(O)C(O)C1O,-0.469800302
CCCCCCCCCCCC(=O)OCC1OC(O)C(O)C(O)C1OC1OC(CO)C(O)C(O)C1O,-0.369572125
CCCCCCCCCCCC(=O)OCC1OC(OC2(CO)OC(CO)C(O)C2O)C(O)C(O)C1O,-0.337242168
CCCCCCCCCCCC(=O)OCC1OC(OC2C(CO)OC(O)C(O)C2O)C(O)C(O)C1O,-0.48148606
CCCCCCCCCCCC(=O)OCC1OC(OCC2OC(OC3(CO)OC(CO)C(O)C3O)C(O)C(O)C2O)C(O)C(O)C1O,-0.022276395
CCCCCCCCCCCC(=O)OCC1OC(OCC2OC(OCC3OC(OC4(CO)OC(CO)C(O)C4O)C(O)C(O)C3O)C(O)C(O)C2O)C(O)C(O)C1O,0.361727836
CCCCCCCCCCCC(=O)OC[C@@H](O)[C@H]1OC[C@H](O)[C@H]1O,-1.440093375
CCCCCCCCCCCC(=O)O[C@H]1[C@H](O)[C@@H](CO)OC(O)[C@@H]1O,-0.638272164
CCCCCCCCCCCC(O)N(CCO)CCO,-0.590066877
CCCCCCCCCCCC(O)N(CCOCCOC)CCOCCOC,-0.400116928
CCCCCCCCCCCC(O)N(CCOCCOCCOC)CCOCCOCCOC,-0.289882635
CCCCCCCCCCCC(O)N(CCOCCOCCOCCOC)CCOCCOCCOCCOC,-0.610833916
CCCCCCCCCCCCC(=O)N(CCOCCOCCOCCOCCOCCOCCO)CCN(CCOCCOCCOCCOCCOCCOCCO)C(=O)CCCCCCCCCCCC,-1.22184875
CCCCCCCCCCCCC(=O)NCCOCCOCCOCCO,-0.292429824
CCCCCCCCCCCCC(=O)NCCOCCOCCOCCOCCOCCOCCO,-0.187086643
CCCCCCCCCCCCC(=O)NCCOCCOCCOCCOCCOCCOCCOCCOCCOCCO,-0.124938737
CCCCCCCCCCCCC(O)CCO,-1.886056648
CCCCCCCCCCCCC/C=C/[C@@H](O)[C@@H](N)CO,-3.004364805
CCCCCCCCCCCCC/C=C/[C@@H](O)[C@H](CO)NC(=O)CCCCC,-2.302770657
CCCCCCCCCCCCC/C=C/[C@@H](O)[C@H](CO)NC(C)=O,-2.235077015
CCCCCCCCCCCCCC(=O)N(C)CC(O)C(O)C(OC1OC(CO)C(O)C(O)C1O)C(O)CO,-1.167491087
CCCCCCCCCCCCCC(O)CCO,-1.88941029
CCCCCCCCCCCCCC=CC(O)C(CO)NC(=O)CCCCC,-2.30980392
CCCCCCCCCCCCCC=CC(O)C(CO)NC(C)=O,-2.22184875
CCCCCCCCCCCCCCCC(=O)NC1CCOC1=O,-3.795880017
CCCCCCCCCCCCCCCC(=O)OCC(O)C(O)C(OC1OC(CO)C(O)C(O)C1O)C(O)CO,-2.119758224
CCCCCCCCCCCCCCCC(=O)OCC1OC(O)C(O)C(O)C1OC1OC(CO)C(O)C(O)C1O,-2.019996628
CCCCCCCCCCCCCCCC(=O)O[C@H]1[C@H](O)[C@@H](CO)OC(O)[C@@H]1O,-0.853871964
CCCCCCCCCCCCCCCCCC(=O)OCC(O)COCC(O)COCC(O)COCC(O)CO,-1.649751982
CCCCCCCCCCCCCCCCCC(=O)OCC(O)COCC(O)COCC(O)COCC(O)COCC(O)COCC(O)CO,-1.552841969
CCCCCCCCCCCCCCCCCC(=O)OCC1(OC2OC(CO)C(O)C(O)C2O)OC(O)C(O)C1O,-2.289882635
CCCCCCCCCCCCCCCCCC(=O)O[C@H]1[C@H](O)[C@@H](CO)OC(O)[C@@H]1O,-0.698970004
CCCCCCCCCCCCCCCCCCN(C)C(=O)C(O)C(O)C(OC1OC(CO)C(O)C(O)C1O)C(O)CO,-2.490644359
CCCCCCCCCCCCCCCCN(C)C(=O)C(O)C(O)C(OC1OC(CO)C(O)C(O)C1O)C(O)CO,-2.015472686
CCCCCCCCCCCCCCCCN(CC(O)CO)CC(O)CO,-1.568636236
CCCCCCCCCCCCCCCCOCCOCCOCCOCCOCCOCCO,-2.779891912
CCCCCCCCCCCCCCCCOCCOCCOCCOCCOCCOCCOCCO,-2.769551079
CCCCCCCCCCCCCCCCOCCOCCOCCOCCOCCOCCOCCOCCOCCO,-2.678815973
CCCCCCCCCCCCCCCCOCCOCCOCCOCCOCCOCCOCCOCCOCCOCCOCCOCCO,-2.63921731
CCCCCCCCCCCCCCCCOCCOCCOCCOCCOCCOCCOCCOCCOCCOCCOCCOCCOCCOCCOCCO,-2.508638306
CCCCCCCCCCCCCCCCOCCOCCOCCOCCOCCOCCOCCOCCOCCOCCOCCOCCOCCOCCOCCOCCOCCOCCOCCOCCOCCO,-2.408935393
CCCCCCCCCCCCCCCOCCOCCOCCOCCOCCOCCOCCOCCO,-2.457797218
CCCCCCCCCCCCCCN(C)C(=O)C(O)C(O)C(O)C(O)CO,-1.609781681
CCCCCCCCCCCCCCN(C)C(=O)C(O)C(O)C(OC1OC(CO)C(O)C(O)C1O)C(O)CO,-1.443697499
CCCCCCCCCCCCCCOCCOCCOCCOCCOCCOCCO,-2.0
CCCCCCCCCCCCCCOCCOCCOCCOCCOCCOCCOCCOCCO,-2.04793441
CCCCCCCCCCCCCOCCOCCOCCOCCOCCO,-1.30980392
CCCCCCCCCCCCCOCCOCCOCCOCCOCCOCCOCCOCCO,-1.569441231
CCCCCCCCCCCCN(C)C(=O)C(O)C(O)C(O)C(O)CO,-0.8261012
CCCCCCCCCCCCN(C)C(=O)C(O)C(O)C(OC1OC(CO)C(O)C(O)C1O)C(O)CO,-0.601028774
CCCCCCCCCCCCN(C)CC(O)OCCOCCOCCOCCO,-0.530177984
CCCCCCCCCCCCN(CCCNC(=O)[C@@H](O)[C@H](O)[C@@H](O)[C@@H](O)CO)CCN(CCCCCCCCCCCC)CCCNC(=O)[C@@H](O)[C@H](O)[C@@H](O)[C@@H](O)CO,-2.420216403
CCCCCCCCCCCCN(CCCNC(=O)[C@H](O)[C@@H](O)[C@H](O)[C@@H](O)[C@@H](O)CO)CCN(CCCCCCCCCCCC)CCCNC(=O)[C@H](O)[C@@H](O)[C@H](O)[C@@H](O)[C@@H](O)CO,-2.283996656
CCCCCCCCCCCCN(CCCNC(=O)[C@H](O)[C@@H](O)[C@H](OC1OC(CO)C(O)C(O)C1O)[C@H](O)CO)CCN(CCCCCCCCCCCC)CCCNC(=O)[C@H](O)[C@@H](O)[C@H](OC1OC(CO)C(O)C(O)C1O)[C@H](O)CO,-2.051098239
CCCCCCCCCCCCNC(=O)C(O)C(O)C(OC1OC(CO)C(O)C(O)C1O)C(O)CO,-0.508638306
CCCCCCCCCCCCNC(C)C(O)OCCOCCOCCOCCO,-0.410050399
CCCCCCCCCCCCNC1C(CO)OC(OC(C(O)CO)C(O)C(O)CO)C(O)C1O,-0.219682688
CCCCCCCCCCCCNCC(O)OCCOCCOCCOCCO,-0.469800302
CCCCCCCCCCCCOC1OC(CO)C(O)C(O)C1O,-0.72010502
CCCCCCCCCCCCOC1OC(CO)C(OC2OC(CO)C(O)C(O)C2O)C(O)C1O,-0.688246139
CCCCCCCCCCCCOCC#CCOCC1OC(O)C(O)C(O)C1O,-1.494850022
CCCCCCCCCCCCOCCCCOCC1OC(O)C(O)C(O)C1O,-1.638272164
CCCCCCCCCCCCOCCOCCO,-1.480828536
CCCCCCCCCCCCOCCOCCOCCO,-1.281913705
CCCCCCCCCCCCOCCOCCOCCOCCO,-1.191789027
CCCCCCCCCCCCOCCOCCOCCOCCOCCO,-1.191789027
CCCCCCCCCCCCOCCOCCOCCOCCOCCOCCO,-1.060231224
CCCCCCCCCCCCOCCOCCOCCOCCOCCOCCOCCO,-1.088043811
CCCCCCCCCCCCOCCOCCOCCOCCOCCOCCOCCOCCO,-0.962573502
CCCCCCCCCCCCOCCOCCOCCOCCOCCOCCOCCOCCOCCO,-1.0
CCCCCCCCCCCCOCCOCCOCCOCCOCCOCCOCCOCCOCCOCCOCCOCCO,-0.850780887
CCCCCCCCCCCCO[C@@H]1O[C@H](CO)[C@H](O)[C@H](O)[C@H]1O,-0.698970004
CCCCCCCCCCCCO[C@H]1O[C@H](CO)[C@@H](O)[C@H](O)[C@@H]1O,-1.300162274
CCCCCCCCCCCCOc1ccc(OCC2OC(O)C(O)C(O)C2O)cc1,0.491361694
CCCCCCCCCCCOCCO,-0.519993057
CCCCCCCCCCCOCCOCCOCCOCCOCCOCCOCCOCCO,-0.522878745
CCCCCCCCCCCOC[C@H](O)[C@@H](O)[C@H](O)CO,-0.522878745
CCCCCCCCCCN(C)C(=O)C(O)C(O)C(O)C(O)CO,0.107209969
CCCCCCCCCCN(C)C(=O)C(O)C(O)C(OC1OC(CO)C(O)C(O)C1O)C(O)CO,0.381285373
CCCCCCCCCCNC(=O)C(O)C(O)C(OC1OC(CO)C(O)C(O)C1O)C(O)CO,0.107027631
CCCCCCCCCCOC1OC(CO)C(O)C(O)C1O,0.321184027
CCCCCCCCCCOC1OC(CO)C(OC2OC(CO)C(O)C(O)C2O)C(O)C1O,0.301029996
CCCCCCCCCCOC1O[C@H](CO)[C@@H](O)[C@H](O)[C@@H]1O,0.342422681
CCCCCCCCCCOC1O[C@H](CO)[C@@H](O[C@H]2O[C@H](CO)[C@@H](O)[C@H](O)[C@H]2O)[C@H](O)[C@H]1O,0.301029996
CCCCCCCCCCOCCOCCOCCO,-0.220764369
CCCCCCCCCCOCCOCCOCCOCCO,-0.168770306
CCCCCCCCCCOCCOCCOCCOCCOCCO,-0.091514981
CCCCCCCCCCOCCOCCOCCOCCOCCOCCO,-0.04793441
CCCCCCCCCCOCCOCCOCCOCCOCCOCCOCCOCCO,0.0
CCCCCCCCCCOCCOCCOCCOCCOCCOCCOCCOCCOCCO,0.112269768
CCCCCCCCCCOC[C@H](O)[C@@H](O)[C@H](O)CO,-0.092051478
CCCCCCCCCCON(CCOCCOCCOC)CCOCCOCCOC,0.699837726
CCCCCCCCCCON(CCOCCOCCOCCOC)CCOCCOCCOCCOC,0.810232518
CCCCCCCCCCO[C@@H]1O[C@H](CO)[C@H](O)[C@H](O)[C@H]1O,-0.100179498
CCCCCCCCCCO[C@H]1O[C@H](CO)[C@@H](O)[C@H](O)[C@@H]1O,-0.600326279
CCCCCCCCCCS(=O)CCO,0.204119983
CCCCCCCCCCSC1OC(=O)C(O)C1O,-1.48148606
CCCCCCCCCCSCC(O)C(O)C(O)CO,-0.397940009
CCCCCCCCCOC1OC(CO)C(O)C(O)C1N,0.82314806
CCCCCCCCCOC1OC(CO)C(O)C(O)C1O,0.838849091
CCCCCCCCCOC1O[C@H](CO)[C@@H](O)[C@H](O)[C@@H]1O,0.812913357
CCCCCCCCCOCC(O)C(O)C(O)CO,0.311753861
CCCCCCCCCOC[C@H](O)[C@@H](O)[C@H](O)CO,0.322219295
CCCCCCCCN(CCCNC(=O)[C@@H](O)[C@H](O)[C@@H](O)[C@@H](O)CO)CCN(CCCCCCCC)CCCNC(=O)[C@@H](O)[C@H](O)[C@@H](O)[C@@H](O)CO,-1.173925197
CCCCCCCCN(CCCNC(=O)[C@H](O)[C@@H](O)[C@H](OC1OC(CO)C(O)C(O)C1O)[C@H](O)CO)CCN(CCCCCCCC)CCCNC(=O)[C@H](O)[C@@H](O)[C@H](OC1OC(CO)C(O)C(O)C1O)[C@H](O)CO,-0.886056648
CCCCCCCCNC(=O)C(O)C(O)C(OC1OC(CO)C(O)C(O)C1O)C(O)CO,0.755874856
CCCCCCCCOC(CO)CO,0.763427994
CCCCCCCCOC1OC(CO)C(O)C(O)C1N,1.381115081
CCCCCCCCOC1OC(CO)C(O)C(O)C1O,1.39880773
CCCCCCCCOC1O[C@H](CO)[C@@H](O)[C@H](O)[C@@H]1O,1.397940009
CCCCCCCCOCC#CCOCC1OC(O)C(O)C(O)C1O,-1.22184875
CCCCCCCCOCC(O)C(O)C(O)CO,0.813247301
CCCCCCCCOCC(O)CO,0.761551989
CCCCCCCCOCC1OC(O)C(O)C(O)C1O,1.079181246
CCCCCCCCOCCCCOCC1OC(O)C(O)C(O)C1O,-0.522878745
CCCCCCCCOCCO,0.69019608
CCCCCCCCOCCOCCOCCO,0.872447648
CCCCCCCCOCCOCCOCCOCCO,0.903089987
CCCCCCCCOCCOCCOCCOCCOCCO,0.959041392
CCCCCCCCOCCOCCOCCOCCOCCOCCO,0.997823081
CCCCCCCCOCCOCCOCCOCCOCCOCCOCCOCCO,1.113943352
CCCCCCCCOCCOCCOCCOCCOCCOCCOCCOCCOCCO,1.11058971
CCCCCCCCOC[C@H](O)[C@@H](O)[C@H](O)CO,0.826074803
CCCCCCCCO[C@@H]1O[C@H](CO)[C@@H](O)[C@H](O)[C@H]1O,1.301029996
CCCCCCCCO[C@@H]1O[C@H](CO)[C@H](O)[C@H](O)[C@H]1O,1.198657087
CCCCCCCCO[C@H]1O[C@H](CO)[C@@H](O)[C@H](O)[C@@H]1O,0.800029359
CCCCCCCCS(=O)CCCCO,1.301029996
CCCCCCCCS(=O)CCCO,1.301029996
CCCCCCCCS(=O)CCO,1.361727836
CCCCCCCCS(C)=O,1.361727836
CCCCCCCCSC1OC(=O)C(O)C1O,-0.318758763
CCCCCCCCSC1OC(CO)C(O)C(O)C1O,0.929418926
CCCCCCCCSC1O[C@H](CO)[C@@H](O)[C@H](O)[C@H]1O,0.92890769
CCCCCCCCSCC(O)C(O)C(O)CO,0.079181246
CCCCCCCCc1ccc(OCCO)cc1,-1.305394801
CCCCCCCCc1ccc(OCCOCCO)cc1,-1.11577123
CCCCCCCCc1ccc(OCCOCCOCCO)cc1,-1.01278077
CCCCCCCCc1ccc(OCCOCCOCCOCCO)cc1,-0.886056648
CCCCCCCCc1ccc(OCCOCCOCCOCCOCCO)cc1,-0.823908741
CCCCCCCCc1ccc(OCCOCCOCCOCCOCCOCCO)cc1,-0.677780705
CCCCCCCCc1ccc(OCCOCCOCCOCCOCCOCCOCCO)cc1,-0.602059991
CCCCCCCCc1ccc(OCCOCCOCCOCCOCCOCCOCCOCCO)cc1,-0.552841969
CCCCCCCCc1ccc(OCCOCCOCCOCCOCCOCCOCCOCCOCCO)cc1,-0.522878745
CCCCCCCCc1ccc(OCCOCCOCCOCCOCCOCCOCCOCCOCCOCCO)cc1,-0.48148606
CCCCCCCCc1cccc(OCCO)c1,-1.30980392
CCCCCCCCc1cccc(OCCOCCO)c1,-1.119758224
CCCCCCCCc1cccc(OCCOCCOCCO)c1,-1.010105436
CCCCCCCCc1cccc(OCCOCCOCCOCCO)c1,-0.88941029
CCCCCCCCc1cccc(OCCOCCOCCOCCOCCO)c1,-0.821023053
CCCCCCCCc1cccc(OCCOCCOCCOCCOCCOCCO)c1,-0.679853714
CCCCCCCCc1cccc(OCCOCCOCCOCCOCCOCCOCCO)c1,-0.600326279
CCCCCCCCc1cccc(OCCOCCOCCOCCOCCOCCOCCOCCO)c1,-0.549750892
CCCCCCCCc1cccc(OCCOCCOCCOCCOCCOCCOCCOCCOCCO)c1,-0.519993057
CCCCCCCCc1cccc(OCCOCCOCCOCCOCCOCCOCCOCCOCCOCCO)c1,-0.480172006
CCCCCCCOCC(O)C(O)C(O)CO,0.982271233
CCCCCCCOC[C@H](O)[C@@H](O)[C@H](O)CO,0.963787827
CCCCCCNC(=O)C(O)C(O)C(OC1OC(CO)C(O)C(O)C1O)C(O)CO,1.919078092
CCCCCCOCC(O)C(O)C(O)CO,0.986771734
CCCCCCOCCOCCOCCO,2.0
CCCCCCOCCOCCOCCOCCO,2.025305865
CCCCCCOCCOCCOCCOCCOCCO,2.053078443
CCCCCCOCCOCCOCCOCCOCCOCCO,1.840106094
CCCCCCOC[C@H](O)[C@@H](O)[C@H](O)CO,0.973127854
CCCCCCS(=O)CCCCCO,2.255272505
CCCCCCS(=O)CCCCO,2.322219295
CCCCCCS(=O)CCCO,2.397940009
CCCCCCS(=O)CCO,2.397940009
CCCCCCSC1OC(=O)C(O)C1O,0.826074803
CCCCCCSCC(O)C(O)C(O)CO,1.079181246
CCCCCCSC[C@H](O)[C@@H](O)[C@H](O)CO,1.204119983
CCCCCOCC(O)C(O)C(O)CO,1.589949602
CCCCCOC[C@H](O)[C@@H](O)[C@H](O)CO,1.579783597
CCCCCSCC(O)C(O)C(O)CO,1.662757832
CCCCCSC[C@H](O)[C@@H](O)[C@H](O)CO,1.662757832
CCCCOCC(O)C(O)C(O)CO,1.782114148
CCCCOCCO,2.989894564
CCCCOCCOCCOCCOCCOCCOCCO,2.889861721
CCCCOC[C@H](O)[C@@H](O)[C@H](O)CO,1.762678564
CCCCSCC(O)C(O)C(O)CO,2.255272505
CCCCSC[C@H](O)[C@@H](O)[C@H](O)CO,2.255272505
OCCOCCOCCOCCOCCOCCOCCOCCSCCC(F)(F)C(F)(F)C(F)(F)C(F)(F)C(F)(F)C(F)(F)F,0.681241237
OCCOCCOCCOCCOCCOCCSCCC(F)(F)C(F)(F)C(F)(F)C(F)(F)C(F)(F)C(F)(F)F,0.568201724
OCCOCCOCCOCCSCCC(F)(F)C(F)(F)C(F)(F)C(F)(F)C(F)(F)C(F)(F)F,0.447158031
OCCOCCOCCSCCC(F)(F)C(F)(F)C(F)(F)C(F)(F)C(F)(F)C(F)(F)F,0.397940009
OC[C@H]1O[C@H](O[C@H]2[C@H](O)[C@@H](O)[C@H](OCCCCCCC3CCCCC3)O[C@@H]2CO)[C@H](O)[C@@H](O)[C@@H]1O,-0.250263684
